id,title,description,link,image_link,additional_image_link,price,availability,condition,brand,google_product_category,product_type,item_group_id
4562631396,"Bigfoot Mug, Sasquatch Coffee Mug, Hand Drawn Cryptid Mug, Camping Gift for Him, Funny Bigfoot Gift, Field Sketch Art 11 oz Ceramic","Bigfoot mug for the sasquatch believer: an original hand-drawn ink field sketch of the elusive sasquatch, printed on both sides of an 11 oz ceramic coffee mug. A funny, one-of-a-kind cryptid gift for campers, hikers, cabin owners, and anyone who knows the truth is out there.",https://miwillhite.github.io/fieldsketchgoods/designs/sasquatch/mug/,https://i.etsystatic.com/39501900/r/il/289d62/8431737450/il_fullxfull.8431737450_69z3.jpg,https://i.etsystatic.com/39501900/r/il/711aa0/8479607165/il_fullxfull.8479607165_1hdo.jpg,14.99 USD,in stock,new,Field Sketch Goods,Home & Garden > Kitchen & Dining > Tableware > Drinkware > Mugs,Coffee Mugs,sasquatch
4562631410,"Sasquatch Shirt, Bigfoot Shirt, Hand Drawn Cryptid T-Shirt, Camping Hiking Tee, Bigfoot Gift for Him, Field Sketch Art Unisex Tee","Sasquatch shirt with an original hand-drawn ink field sketch of bigfoot, printed on a soft unisex Bella + Canvas tee. A cryptid t-shirt for camping trips, hiking days, and bigfoot believers who want something better than clip art.",https://miwillhite.github.io/fieldsketchgoods/designs/sasquatch/tee/,https://i.etsystatic.com/39501900/r/il/388515/8479608087/il_fullxfull.8479608087_kcib.jpg,https://i.etsystatic.com/39501900/r/il/173afd/8431738662/il_fullxfull.8431738662_hw0k.jpg,26.99 USD,in stock,new,Field Sketch Goods,Apparel & Accessories > Clothing > Shirts & Tops,T-Shirts,sasquatch
4562607379,"Bigfoot Phone Case, Sasquatch iPhone Case, Cryptid Phone Case, Camping Outdoor Phone Cover, Hand Drawn Bigfoot Gift, Tough Case","Bigfoot phone case with an original hand-drawn ink field sketch of sasquatch, printed on a tough dual-layer iPhone case (iPhone 11 through iPhone 17 models). A cryptid phone cover for campers, hikers, and believers.",https://miwillhite.github.io/fieldsketchgoods/designs/sasquatch/case/,https://i.etsystatic.com/39501900/r/il/b62f6e/8432446474/il_fullxfull.8432446474_svmn.jpg,https://i.etsystatic.com/39501900/r/il/04ae7e/8480314693/il_fullxfull.8480314693_k62j.jpg,30.99 USD,in stock,new,Field Sketch Goods,Electronics > Communications > Telephony > Mobile Phone Accessories > Mobile Phone Cases,Phone Cases,sasquatch
4562631438,"Bigfoot Wall Art, Sasquatch Print, Printable Cryptid Decor, Cabin Wall Art, Hand Drawn Bigfoot Poster, Digital Download","Bigfoot wall art you can print today: an original hand-drawn ink field sketch of sasquatch as a printable poster for cabin, camper, or kids' room walls. Instant digital download in five ratios so it fits standard frames.",https://miwillhite.github.io/fieldsketchgoods/designs/sasquatch/digital/,https://i.etsystatic.com/39501900/r/il/296b14/8431685388/il_fullxfull.8431685388_lydu.jpg,https://i.etsystatic.com/39501900/r/il/901934/8431685536/il_fullxfull.8431685536_8ix4.jpg,6.99 USD,in stock,new,Field Sketch Goods,"Home & Garden > Decor > Artwork > Posters, Prints, & Visual Artwork",Printable Wall Arts,sasquatch
4561953548,"Platypus Mug, Platypus Gift, Natural History Mug, Animal Skeleton Art, Hand Drawn Ink Wash Illustration, Science Teacher Gift 11 oz","Platypus mug for natural history nerds: an original hand-drawn ink wash study of a platypus skeleton, printed on both sides of an 11 oz ceramic coffee mug. A platypus gift for biology teachers, zoology students, and anyone who loves weird animals.",https://miwillhite.github.io/fieldsketchgoods/designs/platypus/mug/,https://i.etsystatic.com/39501900/r/il/da185b/8426771478/il_fullxfull.8426771478_g4ir.jpg,https://i.etsystatic.com/39501900/r/il/1034c1/8474642669/il_fullxfull.8474642669_c8gh.jpg,14.99 USD,in stock,new,Field Sketch Goods,Home & Garden > Kitchen & Dining > Tableware > Drinkware > Mugs,Coffee Mugs,platypus
4561953372,"Platypus Shirt, Platypus Lover Gift, Animal Skeleton T-Shirt, Natural History Tee, Hand Drawn Science Shirt, Weird Animal Gift Unisex","Platypus shirt with an original hand-drawn ink wash study of a platypus skeleton, printed on a soft unisex Bella + Canvas tee. A natural history t-shirt for biology teachers, science students, and lovers of improbable animals.",https://miwillhite.github.io/fieldsketchgoods/designs/platypus/tee/,https://i.etsystatic.com/39501900/r/il/5fbd10/8426829396/il_fullxfull.8426829396_fr5q.jpg,https://i.etsystatic.com/39501900/r/il/fa51ba/8474699811/il_fullxfull.8474699811_nxxs.jpg,26.99 USD,in stock,new,Field Sketch Goods,Apparel & Accessories > Clothing > Shirts & Tops,T-Shirts,platypus
4561953454,"Platypus Phone Case, Animal Skeleton iPhone Case, Natural History Phone Cover, Platypus Lover Gift, Hand Drawn Science Art Tough Case","Platypus phone case with an original hand-drawn ink wash study of a platypus skeleton, printed on a tough dual-layer iPhone case (iPhone 11 through iPhone 17 models). A natural history phone cover for science lovers.",https://miwillhite.github.io/fieldsketchgoods/designs/platypus/case/,https://i.etsystatic.com/39501900/r/il/efd539/8432458350/il_fullxfull.8432458350_2pwl.jpg,https://i.etsystatic.com/39501900/r/il/a55b69/8432458428/il_fullxfull.8432458428_mx5m.jpg,30.99 USD,in stock,new,Field Sketch Goods,Electronics > Communications > Telephony > Mobile Phone Accessories > Mobile Phone Cases,Phone Cases,platypus
4561928423,"Platypus Skeleton Print, Animal Skeleton Art, Natural History Wall Art, Vintage Anatomy Style Poster, Dark Academia Decor, Digital Download","Animal skeleton art print you can print today: an original hand-drawn ink wash study of a platypus skeleton in the style of a vintage natural history plate. Instant digital download in five ratios for standard frames, made for dark academia, science classroom, and study walls.",https://miwillhite.github.io/fieldsketchgoods/designs/platypus/digital/,https://i.etsystatic.com/39501900/r/il/780e0f/8474619327/il_fullxfull.8474619327_g669.jpg,https://i.etsystatic.com/39501900/r/il/bba9f9/8426748356/il_fullxfull.8426748356_b1vc.jpg,6.99 USD,in stock,new,Field Sketch Goods,"Home & Garden > Decor > Artwork > Posters, Prints, & Visual Artwork",Printable Wall Arts,platypus
4561953658,"Watercolor Mug, Abstract Art Mug, Colorful Rainbow Stripe Coffee Mug, Artist Gift, Hand Painted Look Ceramic Mug, Housewarming Gift","Watercolor mug with an original abstract painting of hand-brushed rainbow color stripes, printed on both sides of an 11 oz ceramic coffee mug. A colorful artist gift, housewarming gift, or bright start to your own mornings.",https://miwillhite.github.io/fieldsketchgoods/designs/colortest/mug/,https://i.etsystatic.com/39501900/r/il/815816/8426772540/il_fullxfull.8426772540_ak4h.jpg,https://i.etsystatic.com/39501900/r/il/397ecc/8426772664/il_fullxfull.8426772664_tud1.jpg,14.99 USD,in stock,new,Field Sketch Goods,Home & Garden > Kitchen & Dining > Tableware > Drinkware > Mugs,Coffee Mugs,colortest
4561953766,"Abstract Watercolor Shirt, Colorful Art T-Shirt, Rainbow Stripe Tee, Artist Gift, Painter Shirt, Hand Painted Look Unisex Graphic Tee","Abstract watercolor shirt with an original painting of hand-brushed rainbow color stripes, printed on a soft unisex Bella + Canvas tee. A colorful graphic tee for artists, art teachers, and anyone who dresses in color.",https://miwillhite.github.io/fieldsketchgoods/designs/colortest/tee/,https://i.etsystatic.com/39501900/r/il/150a36/8426831254/il_fullxfull.8426831254_pov1.jpg,https://i.etsystatic.com/39501900/r/il/adb490/8426831356/il_fullxfull.8426831356_4s26.jpg,26.99 USD,in stock,new,Field Sketch Goods,Apparel & Accessories > Clothing > Shirts & Tops,T-Shirts,colortest
4561928287,"Abstract Watercolor Phone Case, Colorful Rainbow Stripe iPhone Case, Artist Gift, Aesthetic Art Phone Cover, Hand Painted Look Tough Case","Abstract watercolor phone case with an original painting of hand-brushed rainbow color stripes, printed on a tough dual-layer iPhone case (iPhone 11 through iPhone 17 models). A colorful, aesthetic phone cover and an easy artist gift.",https://miwillhite.github.io/fieldsketchgoods/designs/colortest/case/,https://i.etsystatic.com/39501900/r/il/bb3e64/8426832186/il_fullxfull.8426832186_84q1.jpg,https://i.etsystatic.com/39501900/r/il/1473f8/8474702485/il_fullxfull.8474702485_5tn5.jpg,30.99 USD,in stock,new,Field Sketch Goods,Electronics > Communications > Telephony > Mobile Phone Accessories > Mobile Phone Cases,Phone Cases,colortest
4561928605,"Colorful Abstract Printable Wall Art, Watercolor Stripes Print, Rainbow Art Print, Modern Living Room Decor, Artist Gift, Digital Download","Colorful abstract printable wall art: an original watercolor painting of hand-brushed rainbow stripes, ready to print for living room, studio, or dorm walls. Instant digital download in five ratios for standard frames.",https://miwillhite.github.io/fieldsketchgoods/designs/colortest/digital/,https://i.etsystatic.com/39501900/r/il/120433/8426749534/il_fullxfull.8426749534_6yya.jpg,https://i.etsystatic.com/39501900/r/il/8daedf/8426749720/il_fullxfull.8426749720_pgeh.jpg,6.99 USD,in stock,new,Field Sketch Goods,"Home & Garden > Decor > Artwork > Posters, Prints, & Visual Artwork",Printable Wall Arts,colortest
4558490608,"Western Saddle Mug, Equestrian Gift Mug, Horse Lover Coffee Mug, Cowgirl Gift, Ranch Barn Decor, Hand Drawn Horse Tack Art 11 oz","Western saddle mug for horse people: an original hand-drawn ink and watercolor field sketch of a working western saddle, printed on both sides of an 11 oz ceramic coffee mug. An equestrian gift for riders, barn mornings, and anyone who knows their tack.",https://miwillhite.github.io/fieldsketchgoods/designs/saddle/mug/,https://i.etsystatic.com/39501900/r/il/1fa9eb/8401474352/il_fullxfull.8401474352_any3.jpg,https://i.etsystatic.com/39501900/r/il/1ae84e/8401474410/il_fullxfull.8401474410_qpq0.jpg,14.99 USD,in stock,new,Field Sketch Goods,Home & Garden > Kitchen & Dining > Tableware > Drinkware > Mugs,Coffee Mugs,saddle
4558500560,"Western Saddle Shirt, Horse Lover Shirt, Equestrian T-Shirt, Cowgirl Gift, Horse Girl Shirt, Hand Drawn Horse Tack Art Unisex Tee","Western saddle shirt with an original hand-drawn ink and watercolor field sketch of a working saddle, printed on a soft unisex Bella + Canvas tee. A horse lover t-shirt for riders, barn days, and cowgirls who appreciate good tack.",https://miwillhite.github.io/fieldsketchgoods/designs/saddle/tee/,https://i.etsystatic.com/39501900/r/il/4a6efc/8401575964/il_fullxfull.8401575964_bv8m.jpg,https://i.etsystatic.com/39501900/r/il/3b635d/8401576044/il_fullxfull.8401576044_42mh.jpg,26.99 USD,in stock,new,Field Sketch Goods,Apparel & Accessories > Clothing > Shirts & Tops,T-Shirts,saddle
4558500642,"Western Phone Case, Cowgirl iPhone Case, Horse Lover Phone Cover, Equestrian Gift, Western Saddle Art, Rodeo Country Tough Case","Western phone case with an original hand-drawn ink and watercolor field sketch of a working saddle, printed on a tough dual-layer iPhone case (iPhone 11 through iPhone 17 models). A cowgirl phone cover and an easy equestrian gift.",https://miwillhite.github.io/fieldsketchgoods/designs/saddle/case/,https://i.etsystatic.com/39501900/r/il/c802a9/8449456533/il_fullxfull.8449456533_324r.jpg,https://i.etsystatic.com/39501900/r/il/95fc96/8401576888/il_fullxfull.8401576888_fmbi.jpg,30.99 USD,in stock,new,Field Sketch Goods,Electronics > Communications > Telephony > Mobile Phone Accessories > Mobile Phone Cases,Phone Cases,saddle
4559768946,"Western Saddle Art Print, Equestrian Wall Art, Horse Lover Gift, Ranch Farmhouse Decor, Cowboy Wall Art, Hand Drawn Digital Download","Western saddle art print you can print today: an original hand-drawn ink and watercolor field sketch of a working saddle, made for ranch house, farmhouse, and tack room walls. Instant digital download in five ratios for standard frames.",https://miwillhite.github.io/fieldsketchgoods/designs/saddle/digital/,https://i.etsystatic.com/39501900/r/il/18c017/8458550811/il_fullxfull.8458550811_36g7.jpg,https://i.etsystatic.com/39501900/r/il/34b83f/8410669548/il_fullxfull.8410669548_g7x6.jpg,6.99 USD,in stock,new,Field Sketch Goods,"Home & Garden > Decor > Artwork > Posters, Prints, & Visual Artwork",Printable Wall Arts,saddle
4563174758,"Chocolate Lover Mug, Funny Chocolate Gift, Chocoholic Coffee Mug, Sweet Tooth Gift for Her, Hand Drawn Ink Illustration 11 oz Ceramic","Chocolate lover mug with an original hand-drawn ink wash illustration of a six-armed chocoholic grabbing all the chocolate at once, printed on both sides of an 11 oz ceramic coffee mug. A funny chocolate gift for the sweet tooth in your life.",https://miwillhite.github.io/fieldsketchgoods/designs/chocolate/mug/,https://i.etsystatic.com/39501900/r/il/727362/8483982449/il_fullxfull.8483982449_neqt.jpg,https://i.etsystatic.com/39501900/r/il/e26503/8436122268/il_fullxfull.8436122268_crz2.jpg,14.99 USD,in stock,new,Field Sketch Goods,Home & Garden > Kitchen & Dining > Tableware > Drinkware > Mugs,Coffee Mugs,chocolate
4563150819,"Chocolate Lover Shirt, Funny Chocolate Gift, Chocoholic T-Shirt, Sweet Tooth Tee, Foodie Shirt, Hand Drawn Ink Illustration Unisex","Chocolate lover shirt with an original hand-drawn ink wash illustration of a six-armed chocoholic grabbing all the chocolate at once, printed on a soft unisex Bella + Canvas tee. A funny chocolate t-shirt for dessert people and sweet tooths.",https://miwillhite.github.io/fieldsketchgoods/designs/chocolate/tee/,https://i.etsystatic.com/39501900/r/il/3c80d4/8483955553/il_fullxfull.8483955553_l5dy.jpg,https://i.etsystatic.com/39501900/r/il/17e9b3/8436124306/il_fullxfull.8436124306_p72h.jpg,26.99 USD,in stock,new,Field Sketch Goods,Apparel & Accessories > Clothing > Shirts & Tops,T-Shirts,chocolate
4563175156,"Chocolate Lover Phone Case, Funny Food iPhone Case, Chocoholic Gift, Sweet Tooth Phone Cover, Hand Drawn Illustration Tough Case","Chocolate lover phone case with an original hand-drawn ink wash illustration of a six-armed chocoholic grabbing all the chocolate at once, printed on a tough dual-layer iPhone case (iPhone 11 through iPhone 17 models). A funny food phone cover for sweet tooths.",https://miwillhite.github.io/fieldsketchgoods/designs/chocolate/case/,https://i.etsystatic.com/39501900/r/il/15d047/8483995271/il_fullxfull.8483995271_4e1c.jpg,https://i.etsystatic.com/39501900/r/il/c29ffe/8483995449/il_fullxfull.8483995449_d4bx.jpg,30.99 USD,in stock,new,Field Sketch Goods,Electronics > Communications > Telephony > Mobile Phone Accessories > Mobile Phone Cases,Phone Cases,chocolate
4563151183,"Funny Kitchen Wall Art, Chocolate Lover Print, Chocoholic Gift, Kitchen Printable Decor, Hand Drawn Food Illustration, Digital Download","Funny kitchen wall art you can print today: an original hand-drawn ink wash illustration of a six-armed chocolate lover grabbing all the chocolate at once. Instant digital download in five ratios for standard frames, made for kitchen, pantry, and coffee bar walls.",https://miwillhite.github.io/fieldsketchgoods/designs/chocolate/digital/,https://i.etsystatic.com/39501900/r/il/6e3ca3/8483997875/il_fullxfull.8483997875_quhn.jpg,https://i.etsystatic.com/39501900/r/il/b9e93d/8483962027/il_fullxfull.8483962027_62j3.jpg,6.99 USD,in stock,new,Field Sketch Goods,"Home & Garden > Decor > Artwork > Posters, Prints, & Visual Artwork",Printable Wall Arts,chocolate
